No,管理No,部屋名,X座標,Y座標,radius,イベント順序,イベント名,イベント本文,選択肢１名称,選択肢１本文（結果）,選択肢１経過時間,選択肢２名称,選択肢２本文（結果）,選択肢２経過時間,選択肢３名称,選択肢３本文（結果）,選択肢３経過時間,選択肢４名称,選択肢４本文（結果）,選択肢４経過時間,
1,1,一般撮影室１,471,460,20,1,災害ボックスの発見,コンテナボックスがあることを確認した。,中身を全部取り出す。,とりあえず一式を確認し、対応マニュアルを取り出した,3,マニュアルとチェックリスト取り出す。,対応手順を確認した。,1,安全な場所へ移動させて確認する。,安全を確認したのちにマニュアル、チェックリストを取り出した,20,この部屋の他の異常を検索する。この項目は保留とする。,対応を後回しにし、状況を見る。,0,
2,1,一般撮影室１,471,460,20,2,暗闇での足元になにかある,非常灯が点灯していない。床にグリッドが散乱している。,スマホライト点灯,ガラス片や機材を踏まずに移動できた。,2,急いで部屋を出る,グリッドに転倒して膝を強打。すぐには動けなくなる。,5,壁伝いに歩く,落下しかけていた天井が頭上から直撃し脳震盪をおこす,10,この部屋の他の異常を検索する。この項目は保留とする。,対応を後回しにし、状況を見る。,0,
3,1,一般撮影室１,471,460,20,3,床に落ちている黒い物体,トランシーバーが転がっている,電源をつける,電源が付くことを確認した,0,電源ユニットを赤コンセントにさして充電する。,コンセントの位置を確認して安全な箇所にさした,2,トランシーバーで更新を試みる,誰も応答しない,2,これ以上今の地点で見える異常はなさそうだ。,対応を後回し次に進む,0,
4,2,一般撮影室２,555,458,20,1,患者のパニック,遠くで患者が『怖い、誰か』と叫んでいる。,頭を守ってととりあえず叫ぶ,視認できないのでとりあえず声をかける,1,「落ち着いて」と叫ぶ,声が届かず、周りの騒音で聞こえていない,5,一人で逃げる,患者が見捨てられ、後に懲戒へ。,1,この部屋の他の異常を検索する。この項目は保留とする。,対応を後回しにし、状況を見る。,0,
5,2,一般撮影室２,555,458,20,2,FPDの保全,FPDが床に落ちている。,壁際に寄せる,最小限の動作で破損リスクを下げた。,1,抱えて持ち歩く,重くて避難の妨げになり、結局落とす。,5,元の場所に戻す,余震で再度落下し、使用不能となる,1,この部屋の他の異常を検索する。この項目は保留とする。,対応を後回しにし、状況を見る。,0,
6,2,一般撮影室２,555,458,20,3,避難ルートの選択,廊下は散乱物が多い。ルート選定が必要,通路経由で避難,比較的物が少なく安全に脱出できた。,2,廊下へ直行,天井パネルが崩落していたことを確認するもがれきに当たる,7,反対側の撮影室を選択,安全か確認しながら移動,2,この部屋の他の異常を検索する。この項目は保留とする。,対応を後回しにし、状況を見る。,0,
7,2,一般撮影室２,555,458,20,4,高電圧ケーブル垂下,発生器から太いケーブルが外れ、ぶら下がっている。,触らず大きく迂回,感電リスクを回避し退室。,2,棒でのける,絶縁体でなかったため感電。【死亡】,60,避けて通る,余震でケーブルが暴れ頭部直撃。,60,この部屋の他の異常を検索する。この項目は保留とする。,対応を後回しにし、状況を見る。,0,
8,2,一般撮影室２,555,458,20,5,ドア枠の歪み,揺れで引き戸の枠が歪み、扉が開かない。,蹴破る/破壊,緊急避難として正解。脱出成功。,5,う回路を探す,冷静に迂回する,3,使用禁止にして迂回する,後続の安全確保も踏まえて行動,5,この部屋の他の異常を検索する。この項目は保留とする。,対応を後回しにし、状況を見る。,0,
9,2,一般撮影室２,555,458,20,6,余震発生,緊急地震速報が鳴り響く。,部屋中央でしゃがむ,落下物を回避し身を守った。,1,出口へ走る,揺れで転倒し強打。,5,机の下に隠れる,机自体が倒壊し挟まれるリスクあるも事なきを得た,1,これ以上今の地点で見える異常はなさそうだ。,対応を後回し次に進む,0,
10,9,透視室１,254,540,10,1,アームから配線が垂れている,配線がむき出しとなり一部垂れ下がっている,機器電源OFF・退避　ブレーカーOff,感電リスクを回避し、安全圏へ。,2,使用禁止、進入禁止にする,とりあえず使用禁止とする,2,においをかぐ,わからないまま、時間が過ぎる,3,この部屋の他の異常を検索する。この項目は保留とする。,対応を後回しにし、状況を見る。,0,
11,9,透視室１,254,540,10,2,配管ガスの確認,壁の酸素アウトレット付近からシューという音。,元栓を閉鎖,酸素漏れによる爆発・火災を防いだ。,3,テープで塞ぐ,応急処置。後で対策とする。,5,記録だけ残す,とりあえず記録するが、火災が起きた場合は爆発する,0,この部屋の他の異常を検索する。この項目は保留とする。,対応を後回しにし、状況を見る。,0,
12,9,透視室１,254,540,10,3,壁の亀裂,壁に横一直線の亀裂を確認した,使用禁止にする,張り紙を貼って、進入禁止とする,3,記録だけ残す,紙に書いたもののその紙を最終どこかに無くしてしまう,6,急いで本部に報告する,指示系統が麻痺しており、無駄な時間を過ごす。,5,これ以上今の地点で見える異常はなさそうだ。,対応を後回し次に進む,0,
13,8,透視室２,238,460,5,1,汚水逆流,トイレ直結の検査室。汚水が床に広がっている。,止水をあきらめ、部屋外への漏出を防ぐ,そこにあった板で入り口を押さえた,5,そのまま歩く,靴が汚染され、院内に菌を広げた。,1,高い所を飛び移る,着地に失敗し汚水の中へ転倒。,2,この部屋の他の異常を検索する。この項目は保留とする。,対応を後回しにし、状況を見る。,0,
14,8,透視室２,238,460,30,4,棚の破損と転倒,高価な内視鏡がブラブラし、壁に当たりそうだ。,ケースに収納,破損を防ぎ、後の診療に貢献。,3,テープで固定,簡易的だが揺れには耐えた。,2,手で持ち続ける,自分の避難が遅れる。,5,これ以上今の地点で見える異常はなさそうだ。,対応を後回し次に進む,0,
15,8,透視室２,238,460,30,2,壁の亀裂,壁に縦の亀裂を発見,使用禁止にする,張り紙を貼って、進入禁止とする,3,記録を残して、本部に伝達,その後の対応はまた考える,2,従前からあったものと考える,建屋倒壊リスクがあり危険。,0,この部屋の他の異常を検索する。この項目は保留とする。,対応を後回しにし、状況を見る。,0,
16,27,CT室機械室,325,483,10,1,狭い部屋での揺れ,機材が密集しているなかで余震発生,廊下へ出る,狭い部屋での圧死リスクを回避。,1,機器を支える,機器と壁に挟まれ、背骨を強打,9,隅にうずくまる,棚が倒れてくるも負傷のみ,3,この部屋の他の異常を検索する。この項目は保留とする。,対応を後回しにし、状況を見る。,0,
17,27,CT室機械室,325,483,10,2,棚の破損,棚の上にあるパソコンが不安定である。床にモニターが倒れている,モニターを動かす,破片で手を切る,5,棚の上の物を下に置く,とりあえず安全に向ける,4,使用禁止にする,紙を貼って使用禁止にする,1,この部屋の他の異常を検索する。この項目は保留とする。,対応を後回しにし、状況を見る。,0,
18,27,CT室機械室,325,483,10,3,電源コードのスパーク,コンセント付近で焦げ臭い,プラグを抜く,初期消火成功。火災防止。,2,水をかける,感電事故発生。【死亡】,60,見なかったことにする,後に火災発生。,0,これ以上今の地点で見える異常はなさそうだ。,対応を後回し次に進む,0,
19,25,TV操作２,298,463,10,1,モニター倒壊,2面モニターが倒れてきそうだ。,椅子でガード・伏せる,身を守ることを最優先した。正解。,0,手で支える,液晶が割れていたことに気づかず手を怪我する,4,PC本体を守る,モニターをはずして床に置いた,1,この部屋の他の異常を検索する。この項目は保留とする。,対応を後回しにし、状況を見る。,0,
20,25,TV操作２,298,463,10,2,ガラス飛散防止,操作室の鉛ガラスにヒビ。崩れそうだ。,段ボール養生,飛散を最小限に抑え、通路確保。,5,使用禁止にする,紙を貼った際にガラス片で手を怪我する,5,ハンマーで割る,破片が飛び散り、部屋が使用不能に。,10,この部屋の他の異常を検索する。この項目は保留とする。,対応を後回しにし、状況を見る。,0,
21,25,TV操作２,298,463,10,3,情報収集（PHS）,院内PHSが繋がらない。,直接救急へ走る,確実な情報収集と安否確認ができた。,5,かけ直し続ける,回線パンクで繋がらず、10分浪費。,10,待機する,放射線科が無人と思われる。,10,これ以上今の地点で見える異常はなさそうだ。,対応を後回し次に進む,0,
22,48,読影室２,282,344,10,4,落下物,天井パネルが落ち、操作卓を直撃。,電源コードを抜く,誤作動とショートを防ぐ。,2,破片を手で払う,鋭利な金具で手を切る。,5,PCを起動する,異物が挟まりショート発火。,7,この部屋の他の異常を検索する。この項目は保留とする。,対応を後回しにし、状況を見る。,0,
23,48,読影室２,282,344,10,5,ドア開放の確認,唯一の出口であるドアが歪んでいる。,ドアストッパー設置,避難路を確保した。,2,閉めて鍵をかける,余震で完全に開かなくなる。,5,使用禁止にする,紙を貼って使用禁止にする,2,この部屋の他の異常を検索する。この項目は保留とする。,対応を後回しにし、状況を見る。,0,
24,48,読影室２,282,344,10,6,ロッカーの転倒,ロッカーが倒れており中身が散乱している,ロッカーを元に状態に戻す,ロッカーが曲がっており、立てることができなかった。,4,邪魔にならないように隅に寄せる,通路のみ確保する。,3,中身を確認する,特に使えるものはなかった,1,これ以上今の地点で見える異常はなさそうだ。,対応を後回し次に進む,0,
25,45,患者廊下（RI）,940,398,10,1,パニック発生,外国人患者たちが叫び声を上げ、出口に走っている,大声で叫ぶ,数名が冷静さを取り戻した。,1,後ろから追いかけて落ち着かせる,とりあえず落ち着かせる。,0,同じように走る,出口を確保するために行動したが、転んでしまう,3,この部屋の他の異常を検索する。この項目は保留とする。,対応を後回しにし、状況を見る。,0,
26,45,患者廊下（RI）,940,398,10,2,トリアージ開始,出血患者と胸痛患者がいる。入り口から遭遇して助けを求められた,胸痛患者を優先,クラッシュ症候群リスクを考慮。,5,出血患者を優先,見た目の派手さに惑わされた。,3,全員に待機指示,状態悪化を見逃すリスクあり。,1,この部屋の他の異常を検索する。この項目は保留とする。,対応を後回しにし、状況を見る。,0,
27,45,患者廊下（RI）,940,398,10,3,天井パネルの崩落,天井パネルが落下,椅子の下・トイレ確認,うずくまっていた聴覚障害者を発見。,5,すぐ避難する,逃げ遅れを見捨てた。,1,大声で呼びかける,返事がなく見逃した。,2,これ以上今の地点で見える異常はなさそうだ。,対応を後回し次に進む,0,
28,18,乳腺撮影室,767,625,10,1,天井パネルの落下,部屋入り口のパネルが落下している,どける,通路確保。,1,天井を補修する,はしごを探して時間を取られる,5,パネルを片付けて使えるようにする,時間がかかった,4,この部屋の他の異常を検索する。この項目は保留とする。,対応を後回しにし、状況を見る。,0,
29,18,乳腺撮影室,767,625,10,2,床の隆起,盛り上がった個所があり、亀裂がある,テープでマーキング,見えるようにする。,1,隆起の上に椅子を置いておく,何かがあることを知らせる,2,特になにもしない,次に来た人がこける,2,この部屋の他の異常を検索する。この項目は保留とする。,対応を後回しにし、状況を見る。,0,
30,18,乳腺撮影室,767,625,10,3,壁に1m程度の亀裂,床と平行に1mの亀裂が走っている,もともとだと思う,特に問題ないとする,1,部屋を使用禁止にする,張り紙を貼って入室禁止にする。,1,亀裂をテープで補修する,亀裂からの冷風を防ぐ,5,これ以上今の地点で見える異常はなさそうだ。,対応を後回し次に進む,0,
31,24,TV操作１,295,550,10,1,外装に異変,外装に問題ないように見えるが現状、機器に亀裂はない,かるく見て問題ないと返すことが適法化,転落を防止した。基本動作。,1,アンカーボルトの確認,問題なし,3,ブレーカーを落とす,漏電防止措置を行った,1,この部屋の他の異常を検索する。この項目は保留とする。,対応を後回しにし、状況を見る。,0,
32,24,TV操作１,295,550,10,2,プリンターの落下,プリンターの上部が割れている,コンセントを抜く,火災の種を絶った。,1,プリンター上部が破損,とりあえず部品を集める,2,プリンターから紙を抜いておく,記録用紙としてA4は使用,2,この部屋の他の異常を検索する。この項目は保留とする。,対応を後回しにし、状況を見る。,0,
33,24,TV操作１,295,550,10,3,ラックが倒れている。,ラックが倒れており、プロテクターが散乱している,通路を確保する分のみ片付ける,最低限の確保,1,元の状態に戻す,それなりに時間がかかった。,3,プロテクターをつけて行動,体は重くなるが防護力UP,1,これ以上今の地点で見える異常はなさそうだ。,対応を後回し次に進む,0,
34,9,透視室１,254,540,20,1,内視鏡ユニット,内視鏡ユニット倒れているのがここからだと人がいるかわからない,様子確認,扉を少し開けて、生存確認,3,内視鏡看護師が出勤していないか確認する,救急外来の看護師がいるかを確認する,3,ラックの詳細確認,ラックが大きく損傷している。,1,この部屋の他の異常を検索する。この項目は保留とする。,対応を後回しにし、状況を見る。,0,
35,9,透視室１,254,540,20,2,床の一部が濡れる,バリウム、ガストロがこぼれ、床が濡れている。,シーツを敷く,応急措置を考えて実施,5,水で洗い流す,範囲が広がり収拾塚なような形となる。床が少しべたべたしたまま。,10,拭き取る,とりあえず大まかに拭いた。,1,この部屋の他の異常を検索する。この項目は保留とする。,対応を後回しにし、状況を見る。,0,
36,9,透視室１,254,540,20,3,トイレ閉じ込め,トイレから助けを呼ぶ声が聞こえた気がする。,ドアを蹴破る,緊急避難措置として行動したが誰もいなかった,5,鍵を探す,変形で鍵が使えなかった。,7,院内の管理部腫を呼ぶ,電話など繋がらない。,5,これ以上今の地点で見える異常はなさそうだ。,対応を後回し次に進む,0,
37,8,透視室２,238,460,20,1,棚からものが散乱,棚から固定具が全て落ちており、棚が４５度で倒れている,棚をおこす,触った瞬間に倒れてしまい、足を巻き込んだ,8,テープを探して進入禁止,危ないので予防措置を実施した。,2,使えそうなものを探す,ぎりぎり大丈夫であったが、次の余震で倒れるだろう,3,この部屋の他の異常を検索する。この項目は保留とする。,対応を後回しにし、状況を見る。,0,
38,8,透視室２,238,460,20,2,手荒い場の損傷,蛇口が壊れて生活水が絶え間なく出ている,吸水シートで覆う,感染拡大を防止。,3,素手でとめる,効果なく、疲れた。,5,救急外来に行き誰か呼ぶ,誰も助けてくれず時間の無駄,6,この部屋の他の異常を検索する。この項目は保留とする。,対応を後回しにし、状況を見る。,0,
39,8,透視室２,238,460,20,3,酸素吸引共用スタンド,音がしている,酸素流量計の確認,酸素が出ている,1,吸引側の確認,異常なし,0,根本から外す,不要な酸素流出を阻止,1,これ以上今の地点で見える異常はなさそうだ。,対応を後回し次に進む,0,
40,25,TV操作２,298,463,10,1,ペットボトル,操作卓に乗っていたペットボトルが倒れている,濡れている,拭き掃除する,1,ブレーカーを落とす,使用禁止にする,3,通電するか確認する,問題ないことを確認,5,この部屋の他の異常を検索する。この項目は保留とする。,対応を後回しにし、状況を見る。,0,
41,25,TV操作２,298,463,10,2,床の隆起,よくみると床が盛り上がっている,養生する,踏まないようにマーキング,3,張り紙をする,他の人に伝える,1,配線を確認する,机とケーブルが挟まっているのを発見。どかす,3,この部屋の他の異常を検索する。この項目は保留とする。,対応を後回しにし、状況を見る。,0,
42,25,TV操作２,298,463,10,3,電源,電源をつけて点検を行う,通常手順で電源をつける,付かない。（通電されていない）,3,ブレーカーを落とす,漏電防止としていったんブレーカーを落とす,1,マニュアルを探して対応する,呼んで該当箇所を探すのに時間がかかった,5,これ以上今の地点で見える異常はなさそうだ。,対応を後回し次に進む,0,
43,26,スタッフ控室,538,500,5,1,PC確認,電子カルテ端末。端末を確認した,RISの確認,リアルタイム更新ができない,1,PACSの確認,起動しない,1,電子カルテの確認,ブラワザが起動しない,1,この部屋の他の異常を検索する。この項目は保留とする。,対応を後回しにし、状況を見る。,0,
44,26,スタッフ控室,538,500,5,2,装備品の確保,ヘルメットとライトがある。,装備して部屋を出る,生存率と活動効率が大幅向上。,2,手ぶらで出る,落下物で頭部負傷。,1,スマホだけ持つ,片手が塞がり作業効率低下。,1,この部屋の他の異常を検索する。この項目は保留とする。,対応を後回しにし、状況を見る。,0,
45,26,スタッフ控室,538,500,5,3,食料の確保,非常食がロッカーにある。,ポケットに入れる,長期戦に備えた。,1,その場で食べる,喉が渇き、水が欲しくなる。,5,全部カバンに詰める,重くて動けなくなる。,3,これ以上今の地点で見える異常はなさそうだ。,対応を後回し次に進む,0,
46,49,受付,522,428,5,1,受付カウンター崩壊,受付用の電子カルテが倒れている,元に戻す,とりあえず整える,2,通路確保だけする,通路だけ確保,1,電源をつける,付かない。ケーブル損傷か？,2,この部屋の他の異常を検索する。この項目は保留とする。,対応を後回しにし、状況を見る。,0,
47,49,受付,522,428,5,2,カルテの保護,患者情報が散らばっている,片付ける,以外に少なかったので棚に入れた,2,持ち歩く,かさばるも持ち運べない量ではなかった,2,束ねるだけ,最低限のまとめた,1,この部屋の他の異常を検索する。この項目は保留とする。,対応を後回しにし、状況を見る。,0,
48,49,受付,522,428,5,3,電磁ロック,停電により電磁ロックが効いていない,手動開放し固定,避難経路を確保。,2,シャッターをあけてそこから通用する,とりあえず経路確保,1,こじ開けて保全,とりあえず通路確保,3,これ以上今の地点で見える異常はなさそうだ。,対応を後回し次に進む,0,
49,24,TV操作１,295,550,5,1,プロテクター散乱,防護衣ハンガーが倒れ道を塞ぐ。,端に寄せる,通路確保。,3,またいで通る,足を取られて転倒。,1,整理する,重くて腰を痛めるが安全な通路を確保できた,5,この部屋の他の異常を検索する。この項目は保留とする。,対応を後回しにし、状況を見る。,0,
50,24,TV操作１,295,550,5,2,防火扉の作動,防火扉が閉まっている。扉は熱くない,くぐり戸を確認,安全に通過。,2,全開にする,突っかかっていたので疲れた,5,蹴る,足を痛める。,1,この部屋の他の異常を検索する。この項目は保留とする。,対応を後回しにし、状況を見る。,0,
51,24,TV操作１,295,550,5,3,書類の散乱,マニュアル類が散乱している,片付ける,とりあえずきれいになった,3,どける,通路確保,1,それらを持ち歩く,動作が鈍くなる,1,これ以上今の地点で見える異常はなさそうだ。,対応を後回し次に進む,0,
52,48,読影室２,282,344,10,1,机の下に何かがある,机の下に気になるものがある,机の下を確認,人ではなく段ボールだった,2,声掛けする,反応なし,1,机をひっくり返す,段ボールだった,1,この部屋の他の異常を検索する。この項目は保留とする。,対応を後回しにし、状況を見る。,0,
53,48,読影室２,282,344,10,2,天井パネルの落下,ボードが落下し、天井ケーブルがむき出しとなっている,ボード回収,通路確保。,2,人がいないかだけ確認する,巻き込まれたひとはいなかった,0,天井上を確認する,脚立を探すのに時間を有した,5,この部屋の他の異常を検索する。この項目は保留とする。,対応を後回しにし、状況を見る。,0,
54,48,読影室２,282,344,10,3,備蓄食品の確保,備蓄用の食品を見つけた,食べる,お腹が満たされた。落ち着いた,2,備蓄食品を運ぶ準備をする,数を数えて台車を探さねば,2,安全かだけ確認して記録だけ残す,後で取りにこよう,2,これ以上今の地点で見える異常はなさそうだ。,対応を後回し次に進む,0,
55,27,CT室機械室,325,483,10,1,サーバーラック転倒,ラックが傾いている。倒れかけている,入室せず扉を閉める,倒壊による圧死を防ぐ。,1,使用禁止の紙を貼る,とりあえず封鎖,1,ケーブルを抜く,ショートし感電する事態をさけた,2,この部屋の他の異常を検索する。この項目は保留とする。,対応を後回しにし、状況を見る。,0,
56,27,CT室機械室,325,483,10,2,空調停止による熱,サーバー室が異常に暑い。,ドアを開放する,機器の熱暴走を遅らせる。,2,水を撒く,精密機器破損・感電してしまう,30,扇風機を探す,結局動かない,1,この部屋の他の異常を検索する。この項目は保留とする。,対応を後回しにし、状況を見る。,0,
57,27,CT室機械室,325,483,10,3,火災アラーム,煙感知器が作動しているような気がする,ハロン消火設備作動確認,窒息しないよう即時退避。,2,生存確認・人がいないか確認する,とりあえず人はいなさそう,0,人がいないか探す,ハロンガスにより呼吸困難になる,20,これ以上今の地点で見える異常はなさそうだ。,対応を後回し次に進む,0,
58,26,スタッフ控室,538,500,5,1,棚の転倒,書類棚が倒れ道を塞ぐ。,上を通行,足場を確認し慎重に通過。,2,片付ける,重すぎて動かない。腰痛。,5,動かして通れるだけの隙間を作る,かろうじて動いて通路確保,1,この部屋の他の異常を検索する。この項目は保留とする。,対応を後回しにし、状況を見る。,0,
59,41,自動扉（B棟）,573,399,5,1,ガラス片の散乱,額縁が落ちて割れている。,靴のまま端を歩く,安全確保。,1,素手で拾う,怪我をする。,2,ほうきで集めて回収する,時間がかかったが安全確保,4,この部屋の他の異常を検索する。この項目は保留とする。,対応を後回しにし、状況を見る。,0,
60,41,自動扉（B棟）,573,399,5,2,避難誘導,迷っている外来患者を発見,出口へ手招き、救急外来に誘導,的確に誘導できた,2,そのままにする,財布の盗難にあう,1,声だけで誘導する,患者が徘徊を続けてしまう。（どこかで巻き込まれる）,1,これ以上今の地点で見える異常はなさそうだ。,対応を後回し次に進む,0,
61,48,読影室２,282,344,5,4,閉じ込め確認,ドアが開かない。誰かいるのかも,大声を出し助けが必要か確認する,人はいなさそう,2,ドアを破壊,体力をかなり消耗した,5,張り紙を貼る,この時間は人がいないことを知らせる,1,この部屋の他の異常を検索する。この項目は保留とする。,対応を後回しにし、状況を見る。,0,
62,48,読影室２,282,344,5,5,懐中電灯の確保,備品のライトがある。,点灯確認し携帯する,光源確保した,1,電池を抜く,他に活用するために,1,場所はわかったので、ここに置いておく,とりあえず把握,1,この部屋の他の異常を検索する。この項目は保留とする。,対応を後回しにし、状況を見る。,0,
63,48,読影室２,282,344,5,6,書類棚が倒れている,ドアをこれが半分ふさいでいた,棚をとりあえずどける,時間はかかったがどかすことができた,10,棚の下を見た,とりあえず生存確認だけした,1,散乱したものを片付ける,特に何も必要なものはなかった,5,これ以上今の地点で見える異常はなさそうだ。,対応を後回し次に進む,0,
64,22,B-MRI（CPU),69,309,5,1,配管ダクト入口が破損,空気循環ができているのか不安,人を呼ぶ,修理を依頼したいが捕まらない,10,ダクトを外してみる,外れなかった,2,写真を撮って保全する。,保全,1,この部屋の他の異常を検索する。この項目は保留とする。,対応を後回しにし、状況を見る。,0,
65,22,B-MRI（CPU),69,309,5,2,ケーブルのスパークしている,配線から火花がでている,ブレーカーを落とす,火災防止。,2,手で握る,感電死する,20,水をかける,感電死,20,この部屋の他の異常を検索する。この項目は保留とする。,対応を後回しにし、状況を見る。,0,
66,22,B-MRI（CPU),69,309,5,3,照明器具が落下している,ガラスが床に散乱している,ブレーカーを落とす,廊下にどこにあるのかわからない,3,破片を手で払う,手を怪我する,3,持ち出す,不潔になる。,2,これ以上今の地点で見える異常はなさそうだ。,対応を後回し次に進む,0,
67,37,階段A棟,751,428,10,1,壁の亀裂,壁にX字の亀裂。,中央を歩く,倒壊リスク回避。,2,壁に寄りかかる,崩落に巻き込まれる。天井からパネルが落下,10,亀裂を触る,その部分の亀裂が広がる,4,この部屋の他の異常を検索する。この項目は保留とする。,対応を後回しにし、状況を見る。,0,
68,37,階段A棟,751,428,10,2,水漏れ発見,天井から水が滴下している。エアコン。,バケツ対応,すぐにいっぱいになる,5,防水シーツを置く,すぐにいっぱいになる,6,他の人に応援を求める,とりあえず伝達してみる。,2,この部屋の他の異常を検索する。この項目は保留とする。,対応を後回しにし、状況を見る。,0,
69,37,階段A棟,751,428,10,3,床の隆起,床が液状化している,隆起しているところをロープを張る,つまずかないようにする,2,テープを張る,見えにくいが、応急措置をした,2,そこにあるものを置いておく,他の人に邪魔だとどかされてしまう。（10分後）,5,これ以上今の地点で見える異常はなさそうだ。,対応を後回し次に進む,0,
70,10,血管撮影室２,118,349,20,1,Cアーム,固定されているはずのCアームが揺れている,アーム退避・ロック,ロックがかからない,2,アンカーボルトの確認,アンカーボルトが浮いているようにみえる,0,触らないようにする,使用禁止になる,1,この部屋の他の異常を検索する。この項目は保留とする。,対応を後回しにし、状況を見る。,0,
71,10,血管撮影室２,118,349,20,2,自動注入器が落下,自立型のインジェクターが落下している,脇に置いておく,後で考える。,2,電源をつけて自己診断させる。,使用可能となる。,2,断線しているかもしれないので、コードを確認する。,破損なし,5,この部屋の他の異常を検索する。この項目は保留とする。,対応を後回しにし、状況を見る。,0,
72,10,血管撮影室２,118,349,20,3,壁の亀裂,壁に1cm×4cmの亀裂を発見,とりあえず、亀裂を隠す,紙でも貼っておく,2,危険なので、部屋を使用禁止にする,とりあえず人を入れないようにする。,1,亀裂の中を確認する,亀裂が広がる,4,これ以上今の地点で見える異常はなさそうだ。,対応を後回し次に進む,0,
73,51,カテ室操作室,98,419,10,1,床下が濡れている,傍の水道が水漏れしている,水漏れを直す,物がないので直せない,4,防水テープを巻く,どこにあるかわからない,2,とりあえず、床の重要なものだけ動かす,とりあえず必要なものだけ移動させた,3,この部屋の他の異常を検索する。この項目は保留とする。,対応を後回しにし、状況を見る。,0,
74,51,カテ室操作室,98,419,10,2,鉛防護衣ハンガー倒壊・防護具散乱,ラックが傾いている。倒れている,端に寄せる,通路を確保,3,ラックを元に戻す,一気にしても重くて動かない。一つ一つしていると以外に時間がかかる,12,検査に入りそうな分だけ使えるか確認する,最低限の使用するときのものを整える,4,この部屋の他の異常を検索する。この項目は保留とする。,対応を後回しにし、状況を見る。,0,
75,51,カテ室操作室,98,419,10,3,薬剤の散乱,アンプルが割れている。,近づかない,受傷防止。,1,素手で拾う,切り傷。,2,ほうきで集めて回収する,ほうきを探すのに時間がかかった,6,これ以上今の地点で見える異常はなさそうだ。,対応を後回し次に進む,0,
76,26,スタッフ控室,538,500,5,1,情報端末の確保,電子カルテ端末。,電源確保し情報収集,患者情報入手。,3,ゲームをする,論外。,0,分解する,器物損壊。,0,この部屋の他の異常を検索する。この項目は保留とする。,対応を後回しにし、状況を見る。,0,
77,26,スタッフ控室,538,500,5,3,筆記具の確保,落ちていた油性ペンとメモ,ポケットに入れる,何かに使えそうだ,1,伝言メモを残す,誰かが見てくれると思い記載する,2,そのままにする,後で取りにこよう,1,これ以上今の地点で見える異常はなさそうだ。,対応を後回し次に進む,0,
78,20,MRI前多目的トイレ,218,310,5,3,中に誰かいる？,声が聞こえた気がする,開閉ボタンを押す（扉をあける）,動かない。手動でも開かない。,0,声掛けする,誰もいない？反応なし,0,人をよんで扉を開ける,人が倒れていて、扉に引っかかっていた。救助,4,これ以上今の地点で見える異常はなさそうだ。,対応を後回し次に進む,0,
79,11,血管撮影室１,99,481,20,1,大型モニター落下,天吊りモニターが外れかけ。,直下退避,人身事故防止。,1,支える,圧死。,0,見上げる,顔面に落下。,0,この部屋の他の異常を検索する。この項目は保留とする。,対応を後回しにし、状況を見る。,0,
80,11,血管撮影室１,99,481,20,2,Cアームが傾き,Cアームが気持ち傾いて見える,電源をつけてエラーを確認,通電できたもののエラーは確認できず,10,水平器で確認,発災前と変化したのかよくわからない,5,アンカーボルトの確認,特に浮いているように思わない,2,この部屋の他の異常を検索する。この項目は保留とする。,対応を後回しにし、状況を見る。,0,
81,11,血管撮影室１,99,481,20,3,天井パネルの落下,寝台付近のパネルが落下して破片が散乱している,掃除する,以外に時間がかかる,5,使用禁止の紙を貼る,入室禁止にする。,1,天井を確認する,脚立を見つけるのに時間がかかったが安全確認した,10,これ以上今の地点で見える異常はなさそうだ。,対応を後回し次に進む,0,
82,10,血管撮影室２,118,349,7,1,カテーテル棚倒壊,カテーテルが散乱。,踏まないよう迂回,物品保護。,2,使えるように片付ける,以外に時間がかかる,10,高そうなものだけ片付ける,破損・転倒回避,2,この部屋の他の異常を検索する。この項目は保留とする。,対応を後回しにし、状況を見る。,0,
83,10,血管撮影室２,118,349,7,2,ラージモニターが破損,ラージモニターのレール破損し落下している。,壁際へ退避,自分の身を守りながら観察する,1,動かしてみる,天井からレールが落下。頭部損傷,17,部屋を使用禁止とし、張り紙をはる,危険回避,4,この部屋の他の異常を検索する。この項目は保留とする。,対応を後回しにし、状況を見る。,0,
84,10,血管撮影室２,118,349,7,3,バイタルモニター,倒れており、液晶モニターが破損している。音が鳴っている,触らないようにする,とりあえず、後回しにする,1,音を消す,ボタン操作する,1,電源切る,監視放棄。,0,これ以上今の地点で見える異常はなさそうだ。,対応を後回し次に進む,0,
85,17,ゴミ保管庫,160,397,7,1,感染性廃棄物箱から液体,不明な液体溜まり。,触らず迂回,薬品・感染の回避,1,臭いを嗅ぐ,誤って鼻についてしまう。精神的にダメージを負う,3,拭き取る,手荒れ・感染。,7,この部屋の他の異常を検索する。この項目は保留とする。,対応を後回しにし、状況を見る。,0,
86,17,ゴミ保管庫,160,397,7,2,配線のスパーク,天井配線から煙。,ブレーカーを落とす,火災防止。,3,水をかける,かけた水をつたって感電,15,消火作業を行う。,初期消火に成功。機器使用は不明,5,この部屋の他の異常を検索する。この項目は保留とする。,対応を後回しにし、状況を見る。,0,
87,17,ゴミ保管庫,160,397,7,3,扉の変形,ドア枠の変形で防護扉が閉まらない,備付ハンマー使用,脱出。,5,大声で叫ぶ,解決しない。,3,張り紙を貼り、別のところを見る,次の人に任せる,2,これ以上今の地点で見える異常はなさそうだ。,対応を後回し次に進む,0,
88,51,カテ室操作室,98,419,5,1,鉛ガラスのヒビ,ガラスが割れそう。,養生テープ補強,飛散防止。,3,触れないように張り紙を貼る,安全確認を徹底,2,写真を撮って保全する。,被害の写真保全,1,この部屋の他の異常を検索する。この項目は保留とする。,対応を後回しにし、状況を見る。,0,
89,51,カテ室操作室,98,419,5,2,自動扉が開かない,電子ロックが外れていない,患者安否を外から確認する,誰かがいるか確認する,2,他の出入り口を確認する,回り込む,1,壊す,中々壊れないまま、時間だけが経過,10,この部屋の他の異常を検索する。この項目は保留とする。,対応を後回しにし、状況を見る。,0,
90,51,カテ室操作室,98,419,5,3,データのバックアップ,サーバー接続確認を行わなければならないか？,外付けハードディスクの確認,データ保全。,7,電源をつけてサーバー確認,電源が付いたのでバックアップ,8,電源付けずに損傷だけ確認,ケーブル断線有無を確認,2,これ以上今の地点で見える異常はなさそうだ。,対応を後回し次に進む,0,
91,28,治療計画室,190,143,10,1,連絡網の確保,緊急連絡網ファイルを発見,マニュアルの確認,招集準備。,1,後で考えるためいったん持ち出す。,片手がふさがる。,2,その場で電話してみる,繋がらない,3,この部屋の他の異常を検索する。この項目は保留とする。,対応を後回しにし、状況を見る。,0,
92,28,治療計画室,190,143,10,2,電子カルテ端末,落下しそう。,床に置く,破損防止。,1,接着剤で貼る,無意味。,5,放置,落下・破損。,0,これ以上今の地点で見える異常はなさそうだ。,対応を後回し次に進む,0,
93,47,前室(1)(RI),943,253,10,3,テレビ情報,ニュース流す。,情報収集,広域被害把握。,2,電源の確認,白いコンセントに接続されている。,1,モニターが表示されない,ビデオモードになっていた。,1,これ以上今の地点で見える異常はなさそうだ。,対応を後回し次に進む,0,
94,5,読影室１,332,547,5,1,災害物品の発見,模造紙とペンの一式を発見（クロノロジー用）,壁に貼る,時系列記録準備。,2,床に敷く,床が濡れていることに気づかず少し使えなくなる,4,この場所で記録し始める,狭くてくしゃくしゃになる,3,この部屋の他の異常を検索する。この項目は保留とする。,対応を後回しにし、状況を見る。,0,
95,5,読影室１,332,547,5,2,ロッカーの傾き,いまにも倒れてきそう。,近づかない,下敷き回避。,1,ロッカーと床との間につかえそうなものがありそう,ロッカーに触れた直後に倒れて手が床とロッカーの間に挟まり損傷,8,そこ以外を探索して使用できるものを探す,何もなかった,4,これ以上今の地点で見える異常はなさそうだ。,対応を後回し次に進む,0,
96,2,一般撮影室２,555,458,20,7,私物の散乱,財布やロッカーの荷物が散乱,使用禁止にする,盗難防止。,5,片付けられるところを片付ける,使用できそうなものを探す。,4,部屋の奥までとりあえず人がいないか探す。,安全確認後すぐ部屋から出る。,2,これ以上今の地点で見える異常はなさそうだ。,対応を後回し次に進む,0,
97,26,スタッフ控室,538,500,5,1,家族への連絡,安否が心配。,LINE一通のみ,回線負荷軽減。,1,電話連打,繋がり難い・迷惑。,10,帰宅する,職場放棄。,0,この部屋の他の異常を検索する。この項目は保留とする。,対応を後回しにし、状況を見る。,0,
98,26,スタッフ控室,538,500,5,2,身の安全確保,電子カルテを入力中に余震発生,机の下に隠れる,身の安全確保,1,パソコンが倒れないように抑える,それ以上の揺れにより体とともに転倒する。腕を負傷,2,本で頭を守る,揺れにより頭を守る前に転倒してしまう。腕の負傷,2,この部屋の他の異常を検索する。この項目は保留とする。,対応を後回しにし、状況を見る。,0,
99,26,スタッフ控室,538,500,5,3,冷蔵庫の転倒,中身が出ている。,プラグ抜く,漏電防止。,1,食べる,食中毒。,2,戻す,また落ちる。,3,これ以上今の地点で見える異常はなさそうだ。,対応を後回し次に進む,0,
100,31,救急外来,389,145,5,1,看護師との連携,看護師がいるか、いたら安全を確認する,声をかける,いないことを確認する,1,倒れている棚の下を確認する,いないことを確認する。,1,災害や使えそうなものを探す,黒い筆記用具を発見,5,この部屋の他の異常を検索する。この項目は保留とする。,対応を後回しにし、状況を見る。,0,
101,5,読影室１,332,547,5,2,ケトル転倒,熱湯がこぼれている。,近づかない,火傷防止。,1,拭く,湯をわかしたままであったことで軽いやけどを負う,3,コンセントを抜く,漏電防止,0,この部屋の他の異常を検索する。この項目は保留とする。,対応を後回しにし、状況を見る。,0,
102,5,読影室１,332,547,5,3,棚の転倒,本が崩れている。,整頓してスペース確保,怪我人収容場所。,2,寝る,サボり。余震発生時の火災、漏電リスクが高くなる,10,使えるものを探す,なにもなかった,5,これ以上今の地点で見える異常はなさそうだ。,対応を後回し次に進む,0,
103,4,CT室,403,463,10,1,天井のインジェクターがゆれている,いつもよりも傾いているようにみえる,使用禁止とする,使用禁止として、部屋を使用禁止とする。,2,ぐらつきを調べる,音がして、アンカーネジの落下,3,通電させる,反応なし。商用電源喪失中,1,この部屋の他の異常を検索する。この項目は保留とする。,対応を後回しにし、状況を見る。,0,
104,4,CT室,403,463,10,2,UPS警告音,バッテリー低下。,シャットダウン,システム保護。,5,警告音停止のみ,システム破損。,1,無視,再起不能。,0,この部屋の他の異常を検索する。この項目は保留とする。,対応を後回しにし、状況を見る。,0,
105,4,CT室,403,463,10,3,天井漏水,ガントリー上に水。,ビニール掛ける,機器水没防止。,5,バケツ置く,守りきれない。,2,祈る,効果なし。,0,これ以上今の地点で見える異常はなさそうだ。,対応を後回し次に進む,0,
106,30,CT（操作）,357,456,5,1,インジェクター操作,インジェクターが使えるか自己判断を走らせて使用可能か閑談しようとする,自己判断を行わない,漏電防止。,1,自己判断を走らせる,動かないため、配線を確認する。,10,電源をつけて、後で確認する,エラー表示を見落とす。つけたまま漏電可能性向上,2,この部屋の他の異常を検索する。この項目は保留とする。,対応を後回しにし、状況を見る。,0,
107,30,CT（操作）,357,456,5,2,監視モニタ落下,監視モニターのアンカーボルトの破損,落下したモニターをとりあえずどかす,2次災害防止,2,電源を切り、モニターをどかす,2次災害防止,4,元に戻す,アンカーが曲がっており設置に時間がかかった,12,この部屋の他の異常を検索する。この項目は保留とする。,対応を後回しにし、状況を見る。,0,
108,30,CT（操作）,357,456,5,3,画像転送確認,PACSへの転送。,未転送を確認,再送準備。,2,諦める,画像紛失。,0,サーバー蹴る,故障。,0,これ以上今の地点で見える異常はなさそうだ。,対応を後回し次に進む,0,
109,6,放射線治療室,87,154,10,1,遮蔽扉の閉鎖,遮蔽扉の動きが悪い。,手動開放・固定,退路と換気を確保し、閉じ込めを防いだ。,1,閉めて張り紙を貼る。,入室禁止にする。,1,中に人がいるか確認する。,安全確保,0,この部屋の他の異常を検索する。この項目は保留とする。,対応を後回しにし、状況を見る。,0,
110,6,放射線治療室,87,154,10,2,ガントリーの異常,リニアックのカバーが外れ寝台に当たった形跡がある。,部屋の進入禁止,落下事故を防ぎ、安全エリアを確保した。,1,動作確認(回転させてみる）,内部部品が干渉し、高額なヘッド部分が動かなくなった,10,カバーを押し込む,あまり意味がなかった,1,この部屋の他の異常を検索する。この項目は保留とする。,対応を後回しにし、状況を見る。,0,
111,6,放射線治療室,87,154,10,3,レーザー投光器,室内の位置決めレーザー外れている,使用禁止表示,照射位置のズレによる医療事故を未然に防いだ。,1,業者が来るまで床に置く,アイソセンターが狂い、治療計画と整合しなくなった。,1,テープで固定,30分後に落下していた,1,これ以上今の地点で見える異常はなさそうだ。,対応を後回し次に進む,0,
112,29,CT前室,323,447,10,1,壁の亀裂,動けない患者。,安全な場所へ移動,転倒防止。,3,放置,転倒・負傷。,0,走らせる,無理。,0,この部屋の他の異常を検索する。この項目は保留とする。,対応を後回しにし、状況を見る。,0,
113,29,CT前室,323,447,10,2,CDプレーヤー,壁掛けTVが外れそう。,コーン設置,直撃防止。,2,支える,怪我。,0,下で見る,直撃。,0,この部屋の他の異常を検索する。この項目は保留とする。,対応を後回しにし、状況を見る。,0,
114,29,CT前室,323,447,10,3,ウォーターサーバー,転倒しているウォーターサーバーを発見,端に寄せて起こす,設置していた容器から水が出てずぶぬれとなる,3,電源を抜く,漏電防止,1,ウォーターサーバーおよび水確保,安全と思われる場所に搬送,5,これ以上今の地点で見える異常はなさそうだ。,対応を後回し次に進む,0,
115,49,受付,522,428,20,1,予約票散乱,個人情報が表示されている,回収し隠す。,漏洩防止。,3,ごみとして捨てる,後日問題となる恐れあり,1,掃除して棚に隠しておく,後でわからなくなる,1,この部屋の他の異常を検索する。この項目は保留とする。,対応を後回しにし、状況を見る。,0,
116,49,受付,522,428,20,2,レターボックス,中身が散乱している,片付ける,片付けるのに時間がかかった,1,ゴミ箱をもってくる,ゴミとして片付ける,1,内線がつながるか救急外来にかけてみる,電話が通じるも応答がない,2,この部屋の他の異常を検索する。この項目は保留とする。,対応を後回しにし、状況を見る。,0,
117,49,受付,522,428,20,3,受付PC,モニターが宙つりとなり倒れそうである,ケーブルを外して横にする,破損防止。,2,元に戻す,余震で再度同様の危険性あり,2,ケーブルを抜いて床に置く,機器安全を優先した,2,これ以上今の地点で見える異常はなさそうだ。,対応を後回し次に進む,0,
118,23,B-MRI室,93,267,10,1,クエンチ発生している？,白煙と爆音が鳴り響いている,退室・扉閉鎖,窒息防止。,1,中に入る,窒息死。,0,人がいないか少し扉を開けて確認する。,ガス出るも中にいる人の安全確認,1,この部屋の他の異常を検索する。この項目は保留とする。,対応を後回しにし、状況を見る。,0,
119,23,B-MRI室,93,267,10,2,headコイル落下,暗くてよく見えないがコイルが落下している,破片の回収,急いでいて手を負傷してしまう,2,そりあえずそのままにする,後で考える,0,使えるか確認する,使用できた,10,この部屋の他の異常を検索する。この項目は保留とする。,対応を後回しにし、状況を見る。,0,
120,23,B-MRI室,93,267,10,3,天吊りの点滴棒が落下している,点滴棒が落下し機械に傷がついている,足でどかす,怪我防止。,2,元の状態に戻す,レールが傾いていることに気づき辞める,1,部屋の外に出す,部屋の安全を確保,1,これ以上今の地点で見える異常はなさそうだ。,対応を後回し次に進む,0,
121,21,B-MRI室前室,153,291,10,1,酸素濃度計,アラーム鳴動。,退避する,使用禁止にする,1,中に誰かいないか入って確認する,扉が閉まってしまい、窒息してしまう,10,扉を少しだけ開け中の人を確認する。,人の存在を確認する,1,この部屋の他の異常を検索する。この項目は保留とする。,対応を後回しにし、状況を見る。,0,
122,21,B-MRI室前室,153,291,10,2,ガラス割れている,監視窓破損している,テープ養生,飛散防止。,3,部屋を使用禁止にする,張り紙を貼る,1,破片の回収を行う,手を切ってしまう,2,この部屋の他の異常を検索する。この項目は保留とする。,対応を後回しにし、状況を見る。,0,
123,21,B-MRI室前室,153,291,10,3,電子カルテ端末が倒れケーブルがむき出しとなっている,よく見るとケーブルが断線している,モニターケーブルを外す,落下防止にする,1,電源ケーブルを抜く,感電リスクを無くした,1,電子カルテが使えるか確認する,断線個所から発火,4,これ以上今の地点で見える異常はなさそうだ。,対応を後回し次に進む,0,
124,16,A-MRI室,732,678,10,1,ドア変形,シールドドア開かない。,中に人がいるか確認する,大声で確認したら、人がいること確認した,2,こじ開ける,困難。,10,窓を破壊する,ハンマーを探して破戒して人名救出,7,この部屋の他の異常を検索する。この項目は保留とする。,対応を後回しにし、状況を見る。,0,
125,16,A-MRI室,732,678,10,2,ヘリウム排気管,亀裂発見。,立入禁止,酸欠防止。,2,塞ぐ,養生テープでは粘着力が弱いが応急措置,2,クエンチ措置を行う,使用禁止になる,12,この部屋の他の異常を検索する。この項目は保留とする。,対応を後回しにし、状況を見る。,0,
126,16,A-MRI室,732,678,10,3,エアコンから水漏れ,天井から水が落下,エアコンの電源を落とす,感電リスク回避,1,人を呼ぶ,誰も来ない,1,吸水シートを引いておく,一次措置,2,これ以上今の地点で見える異常はなさそうだ。,対応を後回し次に進む,0,
127,14,A-MRI（機械室）,682,669,15,1,機械室異音,ガスが噴射しているような音がする,入室禁止にする,窒息回避。,1,扉を開放する,ガスが勢いよく噴き出す,1,少しだけ開けて中にいる人を確認する,生存確認して閉じる,1,この部屋の他の異常を検索する。この項目は保留とする。,対応を後回しにし、状況を見る。,0,
128,14,A-MRI（機械室）,682,669,15,2,グレーディング音,異音がしている,スキャン停止,機器保護。,2,そのままにする,故障の確認をする,5,マニュアルを探して対応する,時間が経過する,1,この部屋の他の異常を検索する。この項目は保留とする。,対応を後回しにし、状況を見る。,0,
129,14,A-MRI（機械室）,682,669,15,3,パネルユニットの発熱,ユニットの一部から煙が出ている,消火器で消火,冷却。,5,電源ユニットのブレーカーを遮断,とりあえず火災予防する,1,非常ベルを押す,電源が落ちていて作動しない,1,これ以上今の地点で見える異常はなさそうだ。,対応を後回し次に進む,0,
130,15,A-MRI（待合）,822,634,10,1,ストレッチャーが倒れている,磁性体のストレッチャーが置いてある,ブレーキ・保持,吸着事故防止。,2,廊下に出す,安全が確認されるまで,0,壁に寄せておく,キャスターの損傷がわかる。傾いている,1,この部屋の他の異常を検索する。この項目は保留とする。,対応を後回しにし、状況を見る。,0,
131,15,A-MRI（待合）,822,634,10,2,金属探知機,立位式の探知機の転倒,起こす,通行確保。,1,電源が付くか確認する,電源が付かない,1,壁に寄せておく,器物損壊していることが判明,1,この部屋の他の異常を検索する。この項目は保留とする。,対応を後回しにし、状況を見る。,0,
132,15,A-MRI（待合）,822,634,10,3,薬品が散乱している,生食が散乱している,回収する,拾い集める,1,余震発生,生食を踏んで床が濡れてしまう。,1,棚に戻す,以外に時間がかかった,3,これ以上今の地点で見える異常はなさそうだ。,対応を後回し次に進む,0,
133,3,スタッフ廊下,462,504,5,1,薬品棚崩壊,棚の固定があまく傾いている,迂回・封鎖,通路を迂回するように封鎖する,3,棚をもどしてみる,重たくて動かないだけでなく、より危険な状態となる。,10,ガラス瓶だけ回収する,危険を除外する,9,この部屋の他の異常を検索する。この項目は保留とする。,対応を後回しにし、状況を見る。,0,
134,3,スタッフ廊下,462,504,5,2,Zioモニターの落下,破片が散乱している,モニターのみ片付ける,モニターを端によけた,2,そこらへん一帯のモニターをどける,余震でも通路確保（予防措置）,5,ケーブルから外してどかす,ケーブル断線有無を確認できた,4,この部屋の他の異常を検索する。この項目は保留とする。,対応を後回しにし、状況を見る。,0,
135,3,スタッフ廊下,462,504,5,3,天井パネルの落下,パネルが3枚落下している（天井配管がむき出しとなっている）,掃除する,通路確保。,7,カバーを掛ける,以外に時間がかかる,3,床にシートを引く,怪我の防止,2,これ以上今の地点で見える異常はなさそうだ。,対応を後回し次に進む,0,
136,7,待合（一般撮影室前）,515,403,10,1,スプリンクラーの故障,スプリンクラーの故障で水放出,迂回誘導,濡れ・冷え防止。,3,バケツ置く,すぐにいっぱいになる,2,元栓探す,不明。,10,この部屋の他の異常を検索する。この項目は保留とする。,対応を後回しにし、状況を見る。,0,
137,7,待合（一般撮影室前）,515,403,10,2,認知症患者がいる,救急外来受診患者が徘徊している,誘導する,二次被害防止ただ、そのあとはどこに行ったか不明,5,救急外来に連れていく,パニックになっているので落ち着かせる,2,無視,行方不明となる,1,この部屋の他の異常を検索する。この項目は保留とする。,対応を後回しにし、状況を見る。,0,
138,7,待合（一般撮影室前）,515,403,10,3,ライトが割れている,割れたガラスが散乱している,エリア分け,動線確保する。,3,掃除する,以外に時間がかかる,5,テープを張る,危険回避,3,これ以上今の地点で見える異常はなさそうだ。,対応を後回し次に進む,0,
139,41,自動扉（B棟）,573,399,20,1,自動扉,ガラスが割れており、自動扉がふさがったまま,迂回する,危険なので後回しにする。,1,近くにあった椅子で封鎖,2次災害を防ぐ,5,張り紙を貼る,見えないかもしれない,2,この部屋の他の異常を検索する。この項目は保留とする。,対応を後回しにし、状況を見る。,0,
140,14,A-MRI（機械室）,682,669,29,1,物が散乱,機材倉庫の棚から資材が落下,懐中電灯の発見,取得,1,危険と判断し、封鎖,2次災害を防ぐ,2,使えるものを探す,物で指を怪我する,5,この部屋の他の異常を検索する。この項目は保留とする。,対応を後回しにし、状況を見る。,0,
141,13,EV前（ポータブル置き場）,480,360,10,1,天井パネル落下,ポータブル装置周囲に天井パネルが散乱している,損傷の確認,周囲の確認を行った,1,電源が付くか確認する,電源の確認。起動した,1,テスト照射,照射可能,1,この部屋の他の異常を検索する。この項目は保留とする。,対応を後回しにし、状況を見る。,0,
142,13,EV前（ポータブル置き場）,480,360,10,2,FPDの接続不良,FPDとの接続ができていないように感じる,Wifiの確認,RISが起動しているが院内LANが停止していることがわかった,1,FPDとの再接続,再接続でできた,2,予備のCR充填,いつでも使用できるようにする。準備,1,これ以上今の地点で見える異常はなさそうだ。,対応を後回し次に進む,0,
143,27,CT室機械室,325,483,10,3,発熱しているユニットがあるように思う,空調停止が停止している。,ドア開放,冷却。,2,氷置く,水没故障。,0,仰ぐ,効果薄。,1,これ以上今の地点で見える異常はなさそうだ。,対応を後回し次に進む,0,
144,32,備品置場,284,216,10,1,棚の転倒,スチール棚が倒れ、通路を塞いでいる。,迂回・立入禁止,安全を確保し、他のルートを探した。,1,無理に通る,服が引っかかり、棚がさらに崩れて怪我をした。,10,一人で起こす,重すぎて腰を痛め、動けなくなった。,30,この部屋の他の異常を検索する。この項目は保留とする。,対応を後回しにし、状況を見る。,0,
145,33,CT(シュミレータ室）,243,171,10,1,ガントリ外装異常,CT装置のカバーが外れかかっている。,使用中止・目視確認,損傷の拡大を防ぎ、安全を確保した。,1,動作確認(回転),内部で部品が干渉し、異音と共に破損した。,10,カバーを押し込む,固定爪が割れ、完全に閉まらなくなった。,5,この部屋の他の異常を検索する。この項目は保留とする。,対応を後回しにし、状況を見る。,0,
146,33,CT(シュミレータ室）,243,171,10,2,レーザー投光器ズレ,壁のレーザー位置が目視でズレている。,使用禁止表示,精度不良による医療事故を未然に防いだ。,1,手で直す,正確な位置に戻らず、照射位置が狂った。,15,テープで固定,時間の無駄で、後で糊の除去が必要になった。,5,この部屋の他の異常を検索する。この項目は保留とする。,対応を後回しにし、状況を見る。,0,
147,33,CT(シュミレータ室）,243,171,10,3,水ファントム落下,棚の水ファントムが落下しそうになっている。,直下立入禁止,重量物落下による人身事故を防いだ。,1,支えて戻す,重さに耐えきれず、共に転倒し圧死しかけた。,60,水を抜く,水が床にこぼれ、機器が漏電ショートした。,10,これ以上今の地点で見える異常はなさそうだ。,対応を後回し次に進む,0,
148,35,階段B棟,575,296,10,1,壁面の亀裂,壁に大きなX型の亀裂が入り、粉塵が舞っている。,使用禁止・封鎖,余震による崩落事故を防いだ。,2,駆けのぼる,躓いて転倒し、階段下まで落下した。,15,亀裂を覗く,破片が目に入りる,3,この部屋の他の異常を検索する。この項目は保留とする。,対応を後回しにし、状況を見る。,0,
149,36,階段B棟（救急外来）,324,96,10,1,ガラスの散乱,当直室に続く階段にガラスが散乱している。,登る,当直者と合流,1,無理にいかない,放射線科に戻ってみる,1,ウォーターサーバー転倒,倒れているサーバーを元に戻した,2,この部屋の他の異常を検索する。この項目は保留とする。,対応を後回しにし、状況を見る。,0,
150,37,階段A棟,751,428,10,1,手すりの破損,手すりが根元から外れ、ぶら下がっている。,反対側を通行,転落リスクを避け、安全に移動した。,1,手すりを掴む,体重をかけたとたんに外れ、転落した。,9,直そうとする,工具がなく、ただ時間を浪費した。,5,この部屋の他の異常を検索する。この項目は保留とする。,対応を後回しにし、状況を見る。,0,
151,38,救急外来（EV扉）,485,335,10,1,エレベーター停止,扉が半開きで停止している。中に人はいない。,使用禁止表示,転落事故や閉じ込めを防いだ。,1,中を覗き込む,扉が急に閉まり、頭を挟まれた。,30,ボタンを連打,システムエラーを起こし、復旧が遅れた。,5,この部屋の他の異常を検索する。この項目は保留とする。,対応を後回しにし、状況を見る。,0,
152,39,救急外来（CT前）,384,397,10,1,ストレッチャー放置,無人のストレッチャーがCT室前を塞いでいる。,端に寄せロック,搬送動線を確保し、スムーズな検査を可能にした。,1,そのまま放置,緊急搬送時に衝突し、患者の処置が遅れた。,5,遠くへ運ぶ,所有者が探すことになり、混乱を招いた。,10,この部屋の他の異常を検索する。この項目は保留とする。,対応を後回しにし、状況を見る。,0,
153,7,待合（一般撮影室前）,515,403,10,1,天井からの水漏れ,天井配管から汚水がポタポタ漏れている,防水シーツを置く,探すのに手間取るも応急対応,4,あなをふさぐ,脚立を探すのに時間を有した,10,バケツをおく,とりあえずの対応,2,この部屋の他の異常を検索する。この項目は保留とする。,対応を後回しにし、状況を見る。,0,
154,41,自動扉（B棟）,573,399,10,1,ガラス扉の損傷,ガラス戸が割れており破片が散乱している,とりあえず破片を片付ける,ほうきを探すのに時間がかかった,7,破片に気をつけて扉を開けてみる,手を怪我する,10,迂回する。通らない。,安全確保,2,この部屋の他の異常を検索する。この項目は保留とする。,対応を後回しにし、状況を見る。,0,
155,19,CT横多目的トイレ,296,428,10,1,ドアロック変形,歪みにより鍵が開かなくなっている（中に人がいる可能性）。,声掛け・安否確認,中の人の状況を確認し、パニックを防いだ。,1,蹴破る,ドアが内側に倒れ、中の人が負傷した。,10,こじ開ける,ドアノブが壊れ、完全に開かなくなった。,15,これ以上今の地点で見える異常はなさそうだ。,対応を後回し次に進む,0,
156,20,MRI前多目的トイレ,218,310,10,1,配管からの水漏れ,手洗い管が外れ、床が水浸しになっている。,止水栓を閉める,漏水を止め、階下への被害と転倒を防いだ。,2,タオルで拭く,水量が多すぎて防げず、滑って転倒した。,10,,,,これ以上今の地点で見える異常はなさそうだ。,対応を後回し次に進む,0,
157,52,アンギオ前室１,163,464,10,1,CARTO機器の損傷,機器が転倒し、側面が破損している。,止水栓を閉める,水漏れを止め、感電や転倒事故を防いだ。,2,タオルで押さえる,水圧が高く止まらず、全身ずぶ濡れになった。,10,,,,この部屋の他の異常を検索する。この項目は保留とする。,対応を後回しにし、状況を見る。,0,
158,52,アンギオ前室１,163,464,10,2,ドア変形,廊下側の扉破損し、開けにくい。曲がっているように見える,扉付近の段ボールをどける,段ボールが重く腰を痛めた,1,扉を強引に開ける,電源ないため、軽い力で開放できた。,1,自動扉のボタンを押してみる,商用電源喪失中のため、反応なし。,0,これ以上今の地点で見える異常はなさそうだ。,対応を後回し次に進む,0,
159,53,B-MRI操作室,135,248,10,1,コンソールエラー,操作コンソールから警報音が鳴り、エラーメッセージが出ている。,エラー記録後OFF,再起動時のトラブルを防ぎ、システムを保護した。,2,モニター電源OFF,画面を焼き付けの防止も後から来た人が状況がわからなくなる。,1,コンセントを抜く,いきなり電源が落ち、PCエラーが起きた。,5,この部屋の他の異常を検索する。この項目は保留とする。,対応を後回しにし、状況を見る。,0,
160,53,B-MRI操作室,135,248,10,2,酸素濃度計警報,酸素濃度計のアラームが鳴動し、18.5%を示している。,直ちに退避・換気,酸欠事故を未然に防ぎ、命を守った。,1,センサー故障と判断,そのまま留まり、酸欠で意識を失った。,60,立ち入り禁止にした,とりあえず封鎖した,1,これ以上今の地点で見える異常はなさそうだ。,対応を後回し次に進む,0,
161,20,MRI前多目的トイレ,218,310,10,1,ドアの変形,ドア枠が歪み、中から開けられないと叫び声が聞こえる。,声掛け・安否確認,中の人を落ち着かせ、パニックを防いだ。,2,無理にこじ開ける,大きな音につられて人が来て救出成功,10,け破る,ドアが内側に倒れ、中の人が負傷するも救出成功,4,この部屋の他の異常を検索する。この項目は保留とする。,対応を後回しにし、状況を見る。,0,
162,20,MRI前多目的トイレ,218,310,10,2,鏡の落下,洗面台の鏡が割れて床に散乱している。,破片に注意し迂回,怪我をすることなく安全に移動できた。,1,素手で片付ける,手指を深く切り、止血処置が必要になった。,8,踏んでトイレを使用する。,靴底にあるガラス片を周囲に散乱させた,5,これ以上今の地点で見える異常はなさそうだ。,対応を後回し次に進む,0,
163,44,RI室,950,108,10,1,エリアモニタ異常,放射線監視モニタの数値が不安定なり、アラームが鳴る。,入室前にBG値確認,サーベイメータで安全を確認し、線量を確認した,2,入室し状況を確認した,汚染に気づかず、被ばくしていた。,2,エリアモニタの再起動をした,故障かわからずとりあえず再起動,4,この部屋の他の異常を検索する。この項目は保留とする。,対応を後回しにし、状況を見る。,0,
164,44,RI室,950,108,10,2,壁に1mmほどのひび,機器後方の壁に1mm程度ヒビあり,触ってヒビを詳細に確認する,ヒビが大きくなった,2,状況を写真にとる。,あまり目立たないため、写真撮影を凝った。,3,後でわかるように、紙を貼る,保尊箇所の把握を容易とした,1,これ以上今の地点で見える異常はなさそうだ。,対応を後回し次に進む,0,
165,50,一般撮影室操作室,510,469,10,1,ポータブルPCの破損,ポータブル用のPCが落下している。,電源をつけてみる,電源が付いてもすぐ消える。,1,USBコネクターの確認,コネクターが曲がっておりUSB端子が一つ使わない。,1,電源ケーブルの確認,抜けている。赤コンセントに接続,1,この部屋の他の異常を検索する。この項目は保留とする。,対応を後回しにし、状況を見る。,0,
166,50,一般撮影室操作室,510,469,10,2,モニタ転倒,画像確認用モニタが倒れ、液晶が割れている。画面が付かない。,コンセントを抜く,通電火災のリスクを排除した。,1,ケーブルを外して床の端に置く,2次災害防止,1,叩いて直す,昭和の直し方。無意味な行動で時間を浪費した。,1,これ以上今の地点で見える異常はなさそうだ。,対応を後回し次に進む,0,
167,31,救急外来,389,145,10,1,こどもが一人でいる。,不安によりこどもが泣いている。親が処置室で処置を受けている。,相手をする。,こどもの精神的不安軽減。,17,親の状況を確認しに行く,頭部損傷しており、意識不明であることを確認した。,2,職員に引き継ぐ,ひとりでいるのは危険のため受付カウンターで見るようにさせた,4,この部屋の他の異常を検索する。この項目は保留とする。,対応を後回しにし、状況を見る。,0,
168,31,救急外来,389,145,10,2,床面の体液,床に血液状の液体がこぼれている。,ゾーニング(立入禁止),感染リスクを周知し、二次被害を防いだ。,2,手袋が見当たらず、とりあえず、環境クロスで拭いた,余震により血液に触れてしまった感染症リスクを上げてしまった。,10,しっかりと消毒までする。,汚染の広がりを防いだ,5,これ以上今の地点で見える異常はなさそうだ。,対応を後回し次に進む,0,
169,34,救急外来待合,645,103,10,1,パニック患者,患者が「助けてくれ」と叫びながら走り回っている。,大声で誘導・座らせる,パニックを鎮め、将棋倒し等の事故を防いだ。,3,一緒に逃げる,スタッフ欠員のため、現場がさらに混乱した。,5,怒鳴りつける,患者が逆上し、暴行トラブルに発展した。,10,この部屋の他の異常を検索する。この項目は保留とする。,対応を後回しにし、状況を見る。,0,
170,34,救急外来待合,645,103,10,2,ガラス戸の破損,ガラスが割れて外気が流入している。（気温１度）,立ち入り禁止にする,2次災害防止,4,別の待合を確保する準備をする。,放射線科業務よりも優先して対応した,20,ガラスを片付け、段ボールで応急措置,一応使える状態となった,15,これ以上今の地点で見える異常はなさそうだ。,対応を後回し次に進む,0,
171,12,血管撮影操作室,117,419,10,1,診療材料の落下,カテーテルなど棚にある材料が散乱して足の踏み場がない,散乱しているものだけ片付ける,通路確保。,4,棚に戻す,余震によりリセットする可能性あるもとりあえず行った。,8,使用できそうなものだけ分別する。,容器破損あるものとを選別した。,4,この部屋の他の異常を検索する。この項目は保留とする。,対応を後回しにし、状況を見る。,0,
172,12,血管撮影操作室,117,419,10,2,無停電電源装置(UPS),UPSのアラームが鳴り響いている。,負荷を切り安全停止,バッテリーを持たせ、システムを保護した。,2,停止ボタン連打,強制終了によりシステムエラーが発生した。,3,コンセントを抜く,うるさいので、電源を切るも次ぎ立ち上げた時にエラー有,2,これ以上今の地点で見える異常はなさそうだ。,対応を後回し次に進む,0,
173,40,待合（生理検査前）,192,456,10,1,不審な外国人がいる,患者でない外国人が２人血管撮影室へと向かってきょろきょろしながら歩いていく,話しかけて、救急外来に連れていく,外国人の安全確保とひなんに貢献,2,放置する。,放射線科の私物（財布）がなくなった,2,声掛けを行った。,英語で話されたが、帰宅していった,3,この部屋の他の異常を検索する。この項目は保留とする。,対応を後回しにし、状況を見る。,0,
174,40,待合（生理検査前）,192,456,10,2,携帯電話の発見,だれかの携帯電話を発見した。,だれのか確認する。,ロックがかかっていて誰のかわからない,3,とりあえず、救急外来に届ける,みんなパニックで待ちぼうけを食らう,5,自分で持ち主を探す,少し疲れた。相手に渡せた,6,これ以上今の地点で見える異常はなさそうだ。,対応を後回し次に進む,0,
175,45,患者廊下（RI）,940,398,10,3,骨粗鬆症患者の誘導,患者は高齢で足元がおぼつかない。歩様ゆっくり,手を引いて誘導,転倒させずに避難完了。,5,車椅子を探す,見つからず時間をロスした。,10,先に行くよう促す,患者が廊下で転倒し骨折してしまう。,1,この部屋の他の異常を検索する。この項目は保留とする。,対応を後回しにし、状況を見る。,0,
176,31,救急外来,389,145,10,2,患者観察依頼,『人手が足らないから手伝って』と言われる。,手伝う。,離れられなくなり、その後の行動不可,50,搬送だけ行って、放射線科に戻る,時間を有した,10,断る,断って自分のやるべきことに戻る,0,この部屋の他の異常を検索する。この項目は保留とする。,対応を後回しにし、状況を見る。,0,
177,46,準備室（RI）,1004,104,10,2,医療廃棄物が倒れている,部屋の真ん中に倒れている,どかす。,通路確保。,0,廃棄室にもっていく,どかす,1,外観を確認する,亀裂がないことを確認した,1,この部屋の他の異常を検索する。この項目は保留とする。,対応を後回しにし、状況を見る。,0,
